{
  "Gina": 10345.922336223533,
  "Biou": -46792.0,
  "Eayu": -994995.0,
  "Uaoy": 10345.922336223533,
  "Euoai": -46792.0,
  "Supdl": -994995.0,
  "Aoeiuy": 10345.922336223533
}